adresse_titulaire;nom;prenom;immatriculation;date_immatriculation;vin;marque;denomination_commerciale;couleur;carrosserie;categorie;cylindree;energie;places;poids;puissance;type;variante;version
3822 Omar Square Suite 257 Port Emily, OK 43251;Smith;Jerome;OVC-568;2012-05-03;9780082351764;Williams Inc;Enhanced well-modulated moderator;LightGoldenRodYellow;45-1743376;34-7904216;3462;37578077;32;3827;110;Inc;92-3625175;79266482
974 Byrd Mountains New Jennifer, IL 01612;Olson;Paul;859 GZP;2019-06-14;9781246585674;Ross PLC;Right-sized secondary array;Snow;03-0258606;71-7143342;4837;15895400;9;5870;298;LLC;37-7112501;39890658
604 Willis View Suite 279 Hansenview, NY 26033;Gomez;Jose;2-2270C;1988-11-29;9781027382348;Gillespie PLC;Balanced intangible portal;CadetBlue;26-7045508;16-3556230;1245;99868567;33;3504;406;PLC;67-9571998;92859586
9254 Alex Spurs Guerreroborough, CA 92849;Perry;Melissa;3U QE479;1972-02-16;9781963521054;Jordan and Sons;Public-key multi-state portal;Aquamarine;33-0120430;48-3676141;6591;00036238;42;6790;274;Inc;46-5693739;40786551
1076 Richardson Ferry Apt. 489 Georgefort, WA 80609;Walsh;David;HNE 523;1924-03-24;9781704558639;Kane, Owens and Ruiz;Innovative bifurcated structure;OldLace;15-9017493;43-4456544;4048;61597433;4;1113;367;PLC;27-4457025;16381230
2286 Chambers Mountain Apt. 678 Bergerborough, RI 20663;Bates;Travis;8HX M57;1906-11-11;9780576655231;Gutierrez and Sons;Enterprise-wide homogeneous archive;Magenta;30-6116142;86-2929434;1603;34766569;43;8513;500;LLC;54-8683849;13697730
379 James Estates South Timothyland, KY 25223;Burns;Johnny;57-QF04;1933-04-09;9781169118010;Ferguson, Cervantes and Ross;Networked asynchronous architecture;RoyalBlue;56-5056110;63-5034092;2395;77613059;16;3549;74;LLC;91-1247104;50766970
3909 Tran Station Port Brianmouth, IL 21645;Gilbert;Scott;8AE 879;1920-06-07;9781826343274;Mckay PLC;Synchronized systematic encryption;Black;15-5272742;51-8265228;7515;56249798;5;8910;110;and Sons;74-6886891;38494925
81945 Maxwell Harbor Apt. 426 West Deborah, GA 74368;Mendoza;James;DZ8 9969;1908-01-17;9781520070520;Matthews Inc;Open-architected demand-driven interface;PapayaWhip;12-1245648;83-0657526;3254;28439073;18;6394;314;and Sons;55-8906993;20894474
6424 Roy Point Apt. 072 East Alison, FL 91097;Hoffman;Lauren;ESC-893;1916-05-12;9781010901792;Davis-Davies;Cross-group coherent process improvement;Bisque;54-0826937;50-2284125;778;90050824;12;7203;276;Group;23-9750084;97983392
93558 Benjamin Inlet Apt. 565 East Rebecca, MO 60002;Jones;Jack;MCE-623;1972-05-09;9780292109285;Cox, Ochoa and Brennan;Profit-focused directional orchestration;RosyBrown;23-3593870;22-9054433;2345;10910337;24;5395;572;Ltd;32-7037008;76874505
821 Tammy Flat Suite 737 Bethanychester, TX 00661;Coleman;Patrick;156-XON;1998-04-01;9781033894620;Mills-Taylor;Realigned fault-tolerant strategy;DarkOrange;85-6542048;14-8326747;6362;50130139;9;9247;399;PLC;61-1463986;12172559
90148 Kelli Oval Suite 515 Sarahton, DE 35247;Schneider;Angela;650J;1941-09-27;9781772433463;Lane-Ryan;Horizontal systematic hardware;Khaki;01-1371797;58-6806072;6435;89171493;16;1667;261;Inc;99-1124953;46990686
PSC 6427, Box 0677 APO AA 51900;Alexander;Breanna;917 PAK;1926-08-18;9781465557612;James, Morales and Wilson;Public-key foreground portal;SeaShell;33-2149269;77-2773542;7038;58158722;4;3645;312;Group;58-8110663;94868319
2247 Taylor Common Jamesborough, IN 35177;Cohen;Dawn;ZMR 198;1990-08-07;9780708332047;Conner Inc;Right-sized motivating forecast;Lime;04-0412094;68-0953441;4061;31948227;19;6508;124;Ltd;34-4239114;07213304
6729 Herring Rue Jonathanfurt, NH 65237;Thomas;Ernest;307 OZH;2008-08-17;9781425517663;Cook-Murphy;Phased holistic attitude;LightCoral;26-6321065;25-1535528;7397;14995095;9;998;502;PLC;58-1872808;75529291
529 Michael Extension Suite 011 West Ashley, DC 86156;Contreras;Samuel;58T W67;1958-01-26;9781416328940;Sanchez, Robertson and Larson;Multi-tiered contextually-based alliance;LightSalmon;45-4251913;87-7124451;1055;95936925;32;8960;450;Inc;95-8624759;52774188
7406 Cunningham Prairie Apt. 781 South Aliciaborough, VT 41077;Harding;Brian;136 BRL;2014-06-28;9780901124043;Winters and Sons;Balanced logistical productivity;Chartreuse;71-2991090;37-3820743;4484;19102245;27;3689;396;LLC;12-6763758;36077526
67827 Thompson Ferry Salazarshire, NV 66871;Robinson;Samantha;8II7744;1958-04-11;9780291208484;Quinn Ltd;Inverse zero tolerance service-desk;Orange;50-2387379;31-0099444;2592;91689184;3;6703;150;Inc;85-0350272;44290597
927 Andrew Spurs East Alan, ID 58185;Smith;Amy;56HI9;1946-10-08;9780504750311;Reynolds-Nelson;Pre-emptive contextually-based artificial intelligence;Orange;03-9072414;63-7867652;1381;09299559;34;1928;213;PLC;85-7853011;75112479
1687 Valdez Harbors Houstonberg, CO 33803;Duran;Aimee;4NE3156;1988-11-15;9781381604292;Hammond, Cunningham and Fernandez;Proactive empowering extranet;Bisque;71-2194952;72-2732792;5383;28395607;2;9046;289;Ltd;65-7616011;73372639
12237 Tricia Rapid Apt. 331 Millerchester, AK 36546;Edwards;Jennifer;932 VJV;1992-06-20;9781487873561;Cruz-Joseph;Decentralized 4thgeneration moratorium;MidnightBlue;31-1035063;40-7078081;1089;69805257;19;6153;344;Group;53-5374698;05746804
Unit 5345 Box 8013 DPO AE 42026;Harmon;Shannon;963862;1927-06-02;9781241155599;Burns and Sons;Reverse-engineered fresh-thinking support;HoneyDew;10-0822631;92-8818458;3823;14868849;24;7102;385;Inc;27-6938356;74878673
65633 Bean Bypass Lake Luke, WV 60707;Herrera;Shannon;G89 7YA;1989-10-08;9780031118059;Johnson-Arroyo;Open-architected dedicated function;LavenderBlush;91-7380005;20-8015468;134;82131586;36;9046;430;PLC;51-1948250;31911061
660 Gregory Court Suite 341 North Alexandraton, OR 69057;Hall;Christine;997-FCI;1941-01-08;9780356960470;Sullivan-Adams;Adaptive coherent benchmark;LightPink;04-5306729;75-5897879;6611;51607982;38;7613;55;Group;56-4801851;45995767
67697 Williamson Path Perezton, NC 34120;Hernandez;Joshua;180-JIR;1992-08-27;9781385279298;Cantu PLC;Optional didactic superstructure;DarkSlateBlue;92-7168732;75-7250017;209;53612908;25;3523;541;Group;23-5949724;69519116
85393 Freeman Islands Apt. 774 Robinsonstad, VA 66339;Davis;Alyssa;6GQT 31;1979-01-28;9781275708518;Hoover, Henderson and Miles;Pre-emptive didactic product;SteelBlue;35-4858750;04-7320656;4229;57146249;19;4634;210;LLC;46-2835721;52984341
9781 Stevenson Throughway Apt. 184 Millerview, NM 57415;Henderson;Vanessa;BM-4248;2007-03-04;9780221322730;Wilkerson and Sons;Re-contextualized heuristic core;LimeGreen;44-0915471;88-0971204;7842;91096548;12;3523;257;Inc;85-0828638;36391714
7221 Hanson Springs South Bobby, WA 75956;Smith;Maria;NFN 323;1991-02-02;9781815881879;Moses Ltd;Synchronized local knowledge user;MediumSlateBlue;20-2614662;60-3352693;6456;89737514;46;7445;220;PLC;71-9074524;32733471
779 Brown Manor Apt. 245 North Patriciaburgh, AK 30526;Wood;Megan;013 VPN;1985-11-27;9781320080699;Haley, Tucker and Soto;Exclusive fresh-thinking Graphical User Interface;Pink;48-6271851;26-6878623;3273;13504779;10;7847;58;and Sons;91-3626257;54412453
70588 Collier Island South Kevinberg, NC 41638;Maldonado;Monica;8Y401;1956-05-18;9780906494226;Bridges-Graves;Proactive tangible adapter;Brown;88-7110380;35-7157725;103;50420285;2;7575;107;Group;46-1012537;12039319
05046 Julia Forest Suite 032 Victoriaburgh, MN 23618;Baker;Shawn;37-AN00;1987-12-03;9780186268111;Davis, Snyder and Price;Enterprise-wide encompassing groupware;Red;98-6456973;42-7788553;3340;58116821;39;3854;118;Inc;55-9133653;35905318
82726 Rodgers Skyway Parksville, WV 22614;Odonnell;Kylie;119QP;1936-12-21;9781585572120;Garcia-Carter;Polarized reciprocal encoding;DimGray;40-3760222;99-8291456;1177;78641358;38;2522;565;Inc;45-3062598;25604122
28364 Jose Ville Apt. 788 Lopezbury, NE 32542;Sandoval;Stephen;B59 5KN;1984-01-29;9780275874964;Hess-Acosta;Distributed optimal hierarchy;AntiqueWhite;11-5031451;51-5886559;4178;48662024;8;1253;331;Inc;53-2174959;65532478
317 Heather Row Lake Elizabeth, MO 69583;Yu;Norma;9MD E26;1948-01-06;9780728316164;Moran PLC;Multi-layered contextually-based contingency;CadetBlue;58-5422707;24-6434609;5127;77292438;5;6531;292;LLC;61-9262316;60202956
7497 Pamela Rue Suite 977 East Breannaview, HI 67651;Medina;Lindsay;01D Q88;1964-10-26;9780911645019;Rich, Hogan and Brown;Fundamental reciprocal application;Cornsilk;58-3185500;59-2212029;3889;30928381;5;7445;279;LLC;60-9459751;75574352
Unit 4546 Box 1668 DPO AE 57481;Cook;Deanna;W48 7TA;1984-12-24;9781397640772;Garcia Inc;Secured next generation groupware;LightCoral;93-8379233;58-6660911;4903;78977945;37;4864;544;Inc;39-3479363;66724674
60422 Ann Islands Port Johnland, AL 38481;Park;Christina;0X DI228;1976-06-17;9780121492847;Lee-Whitaker;Customer-focused optimal solution;MistyRose;94-9574425;26-9216959;1310;17857123;43;7245;38;Group;46-6788298;28019732
86312 Amanda Lodge South Trevor, ID 89563;Burke;Cassie;373 YHY;1996-06-30;9781717687753;Ortega Ltd;Optimized context-sensitive hierarchy;Thistle;03-4362405;99-3210147;6238;56225426;25;7313;105;PLC;55-5640826;20080105
79434 Snyder Camp Apt. 796 Wardfurt, MI 33995;Montgomery;Keith;570-BAJ;1943-06-18;9781124672007;Dunn-Rivera;Multi-lateral regional matrices;Linen;99-9770725;61-1671942;673;55483360;1;6994;304;LLC;90-1233250;66480174
4870 Nathaniel Forks West Rebeccaton, WA 51844;Payne;Hannah;NPM-152;1930-09-14;9781473469587;Carey Ltd;Object-based responsive flexibility;DodgerBlue;04-9470445;81-6734793;297;01739947;41;923;480;Ltd;90-2772099;06213848
37556 Willis Mountains Suite 342 East Peter, WV 12605;Lee;Melissa;956 3WZ;1968-02-01;9781668850299;Meyer, Anderson and Chase;Ergonomic dynamic product;Turquoise;75-6993082;42-0411522;3623;00653046;17;8419;552;Inc;47-3917539;93969116
944 Meza Mission Suite 062 Port Stephanie, SD 14196;Tyler;Michelle;QA 96217;1999-05-12;9780947412524;Hayden LLC;De-engineered mobile hub;Gray;36-6737818;71-3185895;2989;38144004;12;7548;50;Inc;45-8605360;12116584
057 Mccoy Neck Apt. 162 Brandonfort, CT 80346;Peterson;Jessica;5R 6K0MJW;1981-10-31;9781728869148;Reed LLC;Assimilated homogeneous neural-net;DarkOliveGreen;65-2134973;35-2040975;7634;02311180;3;3741;495;and Sons;02-3722921;96909546
613 Joshua Wells Apt. 347 West Linda, NH 39995;Sanders;Amber;0N R7545;1925-07-03;9780694790968;Ayers-Wood;Synergized bottom-line framework;PeachPuff;51-5555634;91-7171217;5223;75662318;27;3795;231;Group;55-7001682;28063124
55433 Schwartz Freeway Apt. 814 Glorialand, AL 02382;Mosley;Phillip;GUX 253;1919-08-25;9780561482613;Scott, Cochran and Robinson;Open-architected reciprocal monitoring;Silver;57-0541699;27-9882189;882;98800384;5;3245;390;LLC;50-5616657;07127663
3430 Porter Pine Kennedyborough, TN 67372;Harris;Connor;LAY 341;1958-10-25;9780342442416;Barnett Ltd;Reduced transitional firmware;Chartreuse;01-6859993;56-3244495;1090;59230700;34;4274;62;PLC;51-7166699;43483235
1129 Hall Centers Apt. 505 Bookerton, OK 51249;Walker;Reginald;0343;2000-02-01;9781233042395;Archer Group;Digitized demand-driven task-force;Azure;27-8983734;74-3345708;3080;35039525;45;4742;112;PLC;41-2715251;98347193
20127 Morales Island Watsonview, LA 35459;Kennedy;Michael;7WF 780;1987-05-23;9780567814418;Skinner-Yoder;Secured modular task-force;Linen;73-5960074;65-4966595;7257;94776799;38;9160;259;Group;05-9406902;94677522
18445 Paul Turnpike Kimberlybury, VA 28873;Anderson;Sabrina;5LQ 820;1984-04-15;9780240506975;Walker, Hunter and Allen;Horizontal systematic system engine;LightCyan;20-0873676;84-6189762;6368;38374999;19;3572;324;Inc;34-7085230;08618504
8155 Moreno Square Lake Catherine, MN 87045;Nelson;Marie;706 HGH;1915-12-12;9781468318876;Gallagher, Mills and Lewis;Polarized actuating core;BurlyWood;04-5375680;21-5958134;7403;72604106;38;6388;455;and Sons;68-8342227;80481003
1845 Acevedo Heights Nicolechester, KY 15524;Ortiz;Eric;593 ZVV;1942-04-30;9781139889087;Fisher, Smith and Martinez;Cross-platform bottom-line toolset;LightSteelBlue;60-5897303;73-0966073;135;04125600;8;3722;129;and Sons;98-3138089;03431009
96388 Olson Cove Apt. 201 South Brandonport, KY 54994;Stephens;Craig;887S5;2010-08-13;9781474814997;Jones-Lewis;Optimized exuding attitude;LightSlateGray;76-8081190;06-4086192;5988;84579171;50;5537;121;Inc;90-7330035;44236489
4992 Green Rest Jasminemouth, NY 62327;Mills;Christopher;EVF-764;1937-09-01;9781265763213;Rojas LLC;Multi-channeled client-server infrastructure;LightSalmon;73-9682070;33-8443823;2850;66523055;39;1706;211;Group;37-3440367;48790680
09870 Salazar Branch South Troyfurt, MT 84214;Rice;Lawrence;065L0;2017-07-07;9781686815096;Lopez Inc;Re-contextualized reciprocal capability;LightSalmon;66-6751658;12-3412452;3821;04126348;15;8581;232;Group;25-8461796;69673788
2493 Brown Valley Shawborough, VT 44446;Barr;Eric;ABW-3380;1914-08-20;9781745728770;Lyons, Phillips and Keller;Enterprise-wide methodical product;LightGray;30-6536745;87-9820070;1300;52617409;18;4573;95;Ltd;15-6185841;01279351
8978 Dennis Oval Anitaport, WV 10423;Hernandez;Jeremy;374-ASYS;1948-08-09;9780648260875;Smith-Garcia;Configurable 5thgeneration throughput;Gray;61-8851493;88-1917804;2718;73229223;28;7538;485;Ltd;38-5696212;67261925
543 Spencer Street Suite 605 Thompsonton, DE 49976;Cox;Martin;5EB95;1911-06-24;9780214698422;Li, Melendez and Santana;Profound methodical hardware;Tan;34-6655537;02-4330415;2023;00610780;4;4150;159;and Sons;58-2831249;11724063
91552 Bradshaw Port Suite 052 Cookeshire, SD 99123;Murphy;Caleb;DC 6614;1990-11-25;9781520947150;Lopez Inc;Visionary attitude-oriented encryption;Olive;41-4534152;11-3320235;3888;48684712;26;1811;135;Inc;25-9161458;67690831
1781 Raymond Causeway Lake Christinamouth, CT 28959;Ross;Jessica;TZS4932;1910-05-01;9780583993760;Frank LLC;User-centric zero-defect migration;LightSeaGreen;92-8469446;31-0933786;3523;89704455;41;4727;93;PLC;64-0496510;67058891
173 Murphy Rest Apt. 986 North Derrick, FL 91537;Morris;Patricia;C72-14W;1983-05-22;9780363339016;Saunders-Gilmore;Pre-emptive dedicated strategy;Lavender;12-7274028;75-0471585;6118;52043796;22;1711;279;LLC;67-8846438;96294727
118 David Fords Apt. 387 Jonathanshire, MT 54237;King;Andrew;462-YBOT;2017-02-08;9781486414666;Vance PLC;Polarized multi-state adapter;Violet;01-4362466;43-0755331;2624;55488303;27;6899;265;Ltd;35-6440980;35265474
6030 Marie Station Apt. 140 Smithburgh, CA 01532;Henderson;Brittany;VKA 855;1970-06-13;9780439746410;Williams Ltd;Enhanced full-range synergy;DarkKhaki;33-0794356;62-1809288;2530;71991276;30;3333;161;PLC;63-4353126;28484868
906 King Wells Apt. 544 Hancockside, ME 46251;Wright;Gary;826 AOY;1984-01-06;9780929282787;Campbell, Patton and Young;Down-sized maximized success;CadetBlue;51-6487039;86-8465009;4706;92462717;31;2156;213;and Sons;82-3630555;84780812
0004 Julian Dam Apt. 447 Kristentown, NH 35532;Parker;Jerry;9G 24421;2004-02-22;9781606727065;Mcdonald PLC;Reverse-engineered uniform architecture;Khaki;03-3634317;59-8179503;2401;46273734;44;5113;30;PLC;14-0739367;51997137
856 Buckley Gardens Sonyabury, AZ 98169;Shepherd;Phillip;3-5552T;1987-02-02;9780534731014;Martin, Lee and Hubbard;Switchable impactful capacity;LightPink;48-8647728;51-6767550;7425;36149926;36;4054;341;PLC;68-8818286;84250025
964 Wood Row Victorville, MS 67563;Meyer;William;8U 7N8HUS;1944-04-15;9781572564138;Cowan, Ray and Taylor;Managed 6thgeneration circuit;PaleGoldenRod;82-5677508;40-4301179;5330;78507883;20;7090;384;Inc;43-2237060;46808295
578 Christopher Hill Tammyburgh, CO 32723;Bradford;William;O25 6LF;1925-09-29;9780268363628;Fernandez, Blake and Fuller;Reduced systemic website;White;64-6561914;90-5005563;2410;64051338;29;1638;470;Inc;40-6468823;95857220
44724 Velez Spur Suite 361 Waretown, WY 45030;Romero;Erin;480RTZ;1989-03-08;9780654557747;Schmidt Inc;Down-sized static interface;LawnGreen;12-2681420;15-6662640;347;56419368;50;8995;287;Group;58-9341245;17437943
3776 Gonzalez Passage Apt. 296 Millerhaven, SD 62551;Jacobs;Donna;77XL127;1906-10-02;9780605531260;Rivera-Whitaker;Customizable cohesive array;SaddleBrown;77-2146415;34-1964236;5927;07918100;50;2632;394;and Sons;30-2690948;68148348
52089 Michael Rue Suite 286 New Adam, WI 39526;Murphy;Edwin;90GA4;1943-08-17;9780666376350;Nguyen-Thomas;Synergistic motivating challenge;MediumPurple;25-4197365;93-1669991;2520;51169756;26;6215;364;Ltd;85-6102065;46503763
531 Brown Cliffs Suite 181 New Justintown, OR 60464;Williamson;Andrew;XLW 263;1938-11-16;9781917309295;Morgan LLC;Programmable bi-directional info-mediaries;PapayaWhip;35-2780063;62-8099065;6871;39839107;43;1749;269;and Sons;81-7047014;52318993
5400 Ramos Crest Mccormickville, MO 20843;Li;Daniel;1ID5258;1957-05-02;9781208610789;Kennedy, Estrada and Wang;Front-line zero-defect forecast;LightGoldenRodYellow;45-5232450;53-8005500;5397;97608547;11;1916;85;PLC;61-2804776;79741231
80419 Dudley Park Port Eileen, RI 20234;Huff;Matthew;648 4DP;1978-01-24;9780988193680;Nelson, Pierce and Davis;Front-line regional interface;SandyBrown;42-7404799;06-8106775;883;88325491;50;2949;421;Inc;20-8601879;50315222
05931 Jennifer Islands North Jason, IA 28527;Reynolds;Debbie;8ZS93;1964-04-22;9780986864599;Kim-Green;Upgradable grid-enabled open system;Snow;75-2925723;31-1924460;4945;13652333;37;7993;322;Group;74-8458910;87926460
1193 William Branch Apt. 564 Lake Elizabeth, MS 98926;Zimmerman;Gary;ESN 807;1931-08-10;9780960435302;Winters, Martinez and White;Digitized value-added interface;LimeGreen;66-5437119;48-9208781;5915;95697673;11;4838;278;Ltd;85-6409859;11262954
969 Ann Wells Port Albert, MS 54614;Hickman;Stefanie;8667 FY;2011-05-05;9780967972541;Hart, Cain and Nolan;Re-engineered reciprocal support;SpringGreen;16-6664792;39-9946964;2967;57462820;12;8240;517;Ltd;51-6010427;81743094
448 Garcia Fall New Denise, WY 93926;Thomas;Eric;CKV 615;1948-03-18;9781975431372;Mitchell, Mejia and Hall;Fundamental cohesive access;Khaki;58-0977050;84-9936330;3367;32436570;42;6351;76;LLC;52-3160965;58305904
9785 Murphy Fields Apt. 732 West Jackview, CO 72126;Logan;Dawn;85Y 083;1911-09-21;9781954990647;Mitchell LLC;Integrated modular intranet;Gray;26-0331638;27-4711244;3330;75046866;41;6827;519;Group;13-6613211;30931626
693 Whitehead Knolls Apt. 436 New Brandonmouth, KS 82994;Vazquez;Dawn;4T322;1936-04-01;9781874918141;Nguyen-Allen;Versatile homogeneous Local Area Network;MistyRose;93-2526704;59-6399254;4739;91976307;35;5546;431;Group;42-1101968;94192001
5935 Ryan Mountains Apt. 271 Francoside, ME 58138;Welch;Whitney;0-9716X;1937-08-19;9781051125645;Melendez, Padilla and Carr;Multi-channeled homogeneous standardization;PaleGreen;99-2582856;54-8529730;342;06006761;26;4000;139;Inc;30-9061869;43337880
906 Kristina Orchard Kennethchester, NJ 87192;Valenzuela;Andrew;BH0 4114;1993-12-26;9780832729317;Lopez and Sons;Object-based client-server array;DarkKhaki;02-0443367;87-3269247;2192;26491745;17;6997;488;Inc;24-1430043;30667914
9200 Rodriguez Estates Apt. 654 South April, PA 26619;Byrd;Carlos;633-356;1964-03-20;9780036856987;Fry, Kline and Jones;Re-engineered demand-driven instruction set;GoldenRod;27-8750612;98-0341690;3097;24282765;49;7331;456;and Sons;94-7512308;41970041
252 Hooper Avenue Suite 611 Davidberg, WA 11422;Lambert;Jerry;DI 57417;1914-05-15;9781436502177;Williams-Higgins;Advanced systemic process improvement;BlueViolet;31-2430540;01-1245481;1493;28217282;49;4283;356;LLC;53-2081814;40224329
7277 Craig Key Brownland, DC 52039;Morales;Juan;JE 3027;1976-08-31;9780113200221;Mendoza-Donovan;Vision-oriented composite migration;DarkTurquoise;56-3467561;60-6451281;1502;43886258;18;7640;515;Group;39-1575160;86168083
929 Bryan Street Apt. 884 South Steven, MD 49912;Rodriguez;Paul;XG6 Y9A;2015-09-21;9780510515768;Smith, Kelly and Warren;Optimized analyzing parallelism;SlateGray;36-7051719;83-6522388;6131;19648903;34;8059;126;LLC;10-0917505;96494738
40619 Louis Crossing Port Sierrafurt, RI 27062;Hernandez;Kelsey;44I 563;1960-02-15;9780891834090;Glover and Sons;Exclusive holistic utilization;Maroon;65-3098983;50-3645074;4802;29384754;30;3107;320;and Sons;38-4233314;96545300
PSC 3413, Box 3615 APO AA 01860;Hill;Alexander;ZRK 901;1973-07-31;9780843003666;Peterson, Dunn and Murphy;Devolved optimal portal;PowderBlue;37-4824412;87-0225508;7808;96913055;20;4983;125;and Sons;05-0041660;76201349
784 Gail Trail Suite 228 Lindseystad, CA 50970;Scott;Samuel;62AH9;1925-01-29;9781926278117;Coleman, Miller and Savage;Cross-group needs-based orchestration;LawnGreen;67-4347418;47-1131067;635;61108271;31;3849;218;Group;56-7413413;08008152
Unit 4398 Box 0830 DPO AA 79783;Sandoval;William;5XJ 474;1937-11-03;9781235770234;Hanson, Mueller and Edwards;Business-focused secondary Graphic Interface;Crimson;01-0177745;77-4477809;6009;74776078;15;1255;482;and Sons;10-7965097;97061823
1093 Sheila Ranch Suite 225 North Kellyfort, GA 16728;Edwards;Kimberly;868-GXS;2000-02-10;9781708693855;Carr PLC;Open-source next generation standardization;DarkOliveGreen;84-0370450;83-4782253;2017;82943653;33;6551;177;PLC;45-4237546;13936235
70676 Blanchard Corners West Kimberlystad, AZ 15074;Young;Carla;NEE 009;1988-09-22;9780444731937;Freeman, Brown and Kramer;Multi-tiered heuristic hardware;MediumPurple;20-9616935;25-8692430;6112;46073945;12;6144;218;and Sons;55-4834109;07268656
892 Mary Station South Travisbury, VA 05117;Barrera;Elizabeth;147-ZRT;1909-02-25;9780652446951;Wagner LLC;Down-sized heuristic attitude;Indigo;42-4339616;16-8309567;3886;90861697;9;6688;304;PLC;81-1666687;54608641
8725 Lester Forest Apt. 214 East Deborahstad, ND 40895;Mendoza;Justin;414-MSMC;1949-12-04;9780332082295;Lynch, Watkins and Anderson;Virtual non-volatile pricing structure;CornflowerBlue;22-3881625;66-3281276;7462;59946298;17;6035;73;PLC;61-7202980;81991457
3092 Jodi Tunnel North Jadebury, VA 01736;Maxwell;Robert;REM 217;1964-11-03;9780118570107;Parsons, Jones and Payne;Ergonomic holistic hardware;SandyBrown;06-9363156;95-8438318;4635;39829214;23;2423;478;Group;06-0772816;04802389
28482 Richard Lock North David, RI 35371;Carr;Tony;FYH 951;1962-02-08;9781905363124;West PLC;Ergonomic analyzing monitoring;OliveDrab;87-9396036;31-0947125;6069;94887204;44;2058;388;LLC;32-3065090;27340004
6744 Alex Knolls Suite 987 Nicoleton, PA 70452;Velez;David;IGE 226;1960-01-01;9781299463684;Griffith-Cooper;Synergistic composite intranet;Moccasin;90-7112686;62-8493168;7675;72348192;44;5113;533;PLC;91-7780726;09445642
96056 Michelle Forks Port Matthewport, RI 60107;Gonzalez;Martha;3-38720I;1906-01-20;9780635836731;Anthony-French;Mandatory tertiary contingency;Maroon;67-4072347;44-1513440;1423;43154333;15;2507;493;Group;66-1348533;96919224
67674 Samuel Island Apt. 355 East Danafurt, AK 18331;Gates;Jack;68-T195;1921-04-11;9781468325737;Ramirez Ltd;Multi-layered methodical benchmark;Chocolate;10-6958725;94-5686594;1901;71655499;1;1901;182;LLC;25-5566174;05994267
21836 Christine Land Suite 168 Olsonport, HI 39815;Morton;Jessica;279-JTG;1926-11-09;9781448769865;Cooper LLC;Inverse reciprocal interface;Snow;11-0377323;05-1530815;111;14087363;20;7314;98;Group;31-0359640;70755893
418 Olsen Ferry Suite 161 Donovantown, IL 17396;Long;Theresa;XMS 143;1906-10-02;9781698846989;Rodriguez-Gibson;Programmable web-enabled emulation;Chocolate;52-3775066;44-3808349;2310;19683195;49;4084;527;LLC;01-0912107;58802519
5532 Lisa Mills Suite 141 Patricialand, DC 61487;Johnson;Amy;0WP5336;1928-03-12;9781890185800;Smith-Jenkins;Versatile zero administration benchmark;DeepPink;92-0834817;27-1447003;4069;22277923;12;8503;400;LLC;32-8658715;35016847
218 James Branch Apt. 641 Christineton, TN 28502;Martinez;Adam;6Y 76950;1909-10-10;9780222824271;Sanders-Reed;Innovative tertiary framework;DodgerBlue;77-0643829;68-9384199;3548;52504020;43;1510;237;Inc;02-7096581;23211803
37240 Wallace Valleys Ashleyland, KS 50958;Miller;Kimberly;450 DVU;1978-09-02;9781809712578;Simmons, Hodge and Cooper;Advanced dedicated array;BlanchedAlmond;95-9233476;05-5827591;6208;50682126;31;6665;110;and Sons;95-6011485;02919539
USNS Riley FPO AP 63381;Jacobson;Ashley;ZEB 054;1916-12-11;9780211450467;Mccormick, Lynch and Wilson;Multi-lateral even-keeled software;NavajoWhite;40-1455076;55-3301382;428;10415832;35;9252;392;LLC;02-5649673;54859296
17540 Clarence Shore Suite 509 New Sarahfort, NJ 38013;Thomas;David;IWX-6865;1926-11-13;9781387175802;Barnes Group;Open-architected fault-tolerant monitoring;Black;86-1948517;36-8398751;2494;77139665;33;2908;569;PLC;54-2708999;83810800
00069 Robert Crossing Suite 940 New Ariel, UT 01713;Delacruz;Julie;7-09000T;1962-04-03;9781038588265;Phillips Group;Re-engineered cohesive installation;DarkMagenta;77-3642630;60-7094766;7115;12090440;25;6783;239;PLC;74-4846385;43859115
993 Rebecca Estates Suite 207 Kristinside, CT 24093;Sexton;John;18V•935;1970-02-17;9780622533704;Hall-Pena;Down-sized eco-centric framework;PaleGreen;35-0205520;63-8127894;3527;85200579;27;929;283;PLC;60-5379208;35491224
PSC 7869, Box 2266 APO AA 04014;Ramirez;Lindsey;37-FM41;1939-03-24;9781500559380;Ramos Ltd;Extended contextually-based projection;SteelBlue;42-3019987;41-7921764;278;21282843;42;6613;254;Group;90-3186934;85006041
785 Jasmine Isle East Benjaminborough, UT 94563;Sanchez;Robert;389 3253;1952-02-28;9780027209198;Johnson Inc;Versatile exuding ability;ForestGreen;63-6504170;43-7706953;1990;66156130;19;8281;298;and Sons;23-4583802;54200876
909 Robert Station Suite 901 Robertland, MO 87053;Kim;Jennifer;QFP Q91;1947-06-22;9780295361567;Meyer, Bullock and Adams;Organized heuristic workforce;Azure;24-1697303;46-2924964;5996;36066704;26;3259;355;Inc;31-4810162;65203491
9152 Montoya Prairie Apt. 056 Port Suzannemouth, MA 56988;Edwards;Adam;XPJ-944;1944-10-20;9780474017957;Carlson Group;Streamlined responsive implementation;Green;16-8324224;63-3708469;5288;02295138;17;6993;233;Group;82-0754027;71822273
7457 Kirk Loop Kimton, NH 98786;Merritt;Sierra;2684 GX;1991-10-28;9780209531581;Anderson-Delgado;Ameliorated encompassing superstructure;LightGray;02-8528910;51-1382655;3876;75490898;11;4165;563;Inc;92-1720995;91966278
68223 Tasha Circles Apt. 646 Aaronborough, SD 71200;Neal;Kathryn;351MGF;2003-01-29;9781953504449;Stanley-Hamilton;Implemented logistical core;MediumOrchid;33-1450045;53-5490662;5348;08059772;22;1063;42;Inc;39-6596597;86170673
796 David Shoal South Natashashire, KS 20170;Rogers;David;855 BUU;1952-06-19;9781390501582;Wilson, Smith and Butler;Configurable homogeneous infrastructure;Gray;44-3646544;63-3298074;7228;83941313;48;4249;318;Ltd;50-7630166;90830129
7843 Curry Plains Apt. 185 Mcbrideport, VT 37404;Mullen;Sara;721Y;1984-12-11;9780086653420;Tate-Bennett;Expanded tangible toolset;Magenta;66-0874920;20-6096580;2374;57423043;4;5620;84;Group;45-6348186;28345572
67359 Michelle Wall New Nathanielview, HI 19498;Cortez;Carolyn;RR 9610;1964-06-25;9781756644168;Tran, York and Prince;Intuitive optimizing functionalities;Azure;91-6969427;88-4931947;7630;86240420;48;7654;419;Ltd;88-2479830;69051340
8067 Kerry Stream Ryanshire, AK 55291;Shaw;Thomas;497 CNB;1942-03-17;9781638266556;Mitchell and Sons;Optimized maximized product;Magenta;50-5019714;93-0101882;5033;45397509;27;5969;571;and Sons;72-2282464;30703193
69888 Paige Mountain South Joseph, MD 14804;Cortez;Robert;L31 3UK;1958-08-14;9780447935646;Stark, Aguilar and Forbes;De-engineered exuding capacity;Orchid;72-2943359;25-3188759;3853;65752043;41;1372;207;Group;34-5766165;16956018
37045 Edwards Neck North Jameston, MD 65708;Smith;Christopher;LQM 059;1942-12-13;9781419630767;Coleman, Sosa and Cooper;Customizable non-volatile architecture;AliceBlue;75-2322975;26-4291122;7267;70319163;1;7468;423;and Sons;73-2741167;94278491
20424 Margaret Valley Liland, NY 87465;Pierce;Brenda;161GIR;1905-04-13;9780666962423;Porter-Mann;Monitored empowering toolset;DarkGray;67-6532310;88-0758286;4708;48249409;25;3142;197;Inc;12-2327329;82000837
69301 Curtis Isle West Kevinview, NC 15677;Stone;Jesse;PRR 822;2009-05-31;9781372261350;Owens-Cunningham;Open-architected static customer loyalty;MintCream;80-7851680;35-6139716;6192;50873951;36;8706;495;LLC;81-9902311;89976906
02036 Pearson Crossroad Joshuaton, MO 95003;Coleman;Michael;595-WRV;1928-11-02;9781303574528;Walton-Peters;Reduced full-range analyzer;OliveDrab;71-5802450;42-7006346;401;68799175;45;8710;53;Ltd;02-0738250;55983334
PSC 1239, Box 6575 APO AP 04007;Wilson;Sara;692UQL;1936-08-27;9781404613195;Kelly, Gonzalez and Patton;Persistent empowering definition;DarkTurquoise;37-1186900;55-0849917;7778;44216818;29;6856;534;Inc;68-4107205;63281026
6353 Jennifer Dam Hamiltonfort, IL 52962;Cruz;Nicholas;15OA1;1950-04-14;9780789713919;Pham-Mason;Customizable intermediate circuit;Ivory;73-4456685;42-2045230;3592;94769425;35;7213;110;Group;13-6299267;35209676
153 Michael Burgs Lake Christopher, UT 87512;Allen;Peggy;858 TBN;1954-11-04;9781121575653;Johnson Ltd;Expanded maximized process improvement;Wheat;64-9021903;95-1679457;3979;42111429;31;3530;30;and Sons;22-7425943;49042825
948 Mullen Loop New Zachary, OK 96261;Krause;James;QW 87562;1970-06-20;9780611812223;White and Sons;Universal 5thgeneration moderator;MediumTurquoise;01-4202473;63-5041056;2515;77179616;15;7703;432;Ltd;16-7936114;96309889
28642 Taylor Alley Suite 188 Lake Teresa, CA 71819;Yoder;Pamela;DJ 8220;1932-11-13;9781278231488;Villarreal, Turner and Burnett;Cloned optimizing adapter;MediumSpringGreen;52-1383846;93-0935774;4448;75499334;35;6580;419;LLC;77-3810367;72671849
72661 Jonathan Freeway Suite 198 Shannonbury, MI 32239;Lane;Christine;170-MVJ;1916-03-22;9781609234638;Martin, Bailey and King;Reverse-engineered background definition;LightSteelBlue;82-4531290;88-8056002;4685;30631595;16;3119;208;Inc;44-3025551;03271506
6905 Caroline Mission Kristystad, MI 58105;Macdonald;Robert;90-SH70;1940-11-30;9780581120366;Lawrence-Stevens;Optional non-volatile matrices;MediumSpringGreen;56-2477710;91-0852999;7352;30790155;30;5600;142;Inc;48-0129406;50610716
75424 Paige Ferry Theresatown, NJ 91356;Garcia;Robert;167 MLO;1955-08-22;9780671992552;Bennett Inc;Open-source didactic Internet solution;OldLace;12-9138680;41-6595433;1124;95591339;6;2296;336;Inc;80-2037076;21083334
3988 Stacy Pines Apt. 865 South Catherinebury, AZ 05805;Weaver;James;522 NZV;1917-01-04;9780874179552;Hoover-Green;Grass-roots human-resource implementation;Red;46-4611785;27-7299508;1242;06650537;14;9375;581;and Sons;54-4924771;68606138
03191 Samantha Station Kathyfurt, CO 13282;Lopez;Andrew;49H•198;1976-07-11;9780669533996;Torres-Taylor;Virtual well-modulated benchmark;White;93-1854515;22-1374404;4602;10610466;31;1725;328;LLC;67-9685805;14662492
261 Ortiz Manors Apt. 471 West Jocelyn, MA 55321;Warner;Blake;GAX T41;1980-05-06;9781801029667;Anderson, Young and Perkins;De-engineered eco-centric moratorium;DarkRed;91-8231741;61-5034108;7717;48549837;14;8797;103;Ltd;26-6998310;86861991
861 Peters Throughway Suite 767 East Donnamouth, SC 51919;Doyle;Michael;681 0DK;1959-09-03;9781826988659;Kelly-White;Seamless neutral core;Purple;38-7989067;37-4058122;3734;92550421;37;4469;504;and Sons;53-3503500;24925891
02642 Alexander Lodge Joseport, TN 70553;Jefferson;Natalie;FJU 788;1995-03-29;9780384443891;Schmitt, Fernandez and Johnson;Optimized non-volatile product;GoldenRod;43-6306547;61-3475234;7956;79599009;2;2776;336;Group;45-5582485;17824194
8702 Sanchez Flats Cameronton, IA 81119;Garza;Ashley;956 9MU;1927-03-05;9781423031994;Smith LLC;Right-sized homogeneous service-desk;Moccasin;48-7426741;03-6601940;1672;88764955;34;6276;188;Inc;63-9143748;00809443
89507 Jennifer Street Apt. 035 Blakeberg, NE 69132;Taylor;Laura;197 RX2;1945-11-07;9781162371924;Sanders-Gomez;Versatile object-oriented standardization;MediumAquaMarine;87-2599523;99-8982392;4922;51334369;6;3019;537;Inc;41-4749046;88295503
4345 Donaldson Bypass Port Seanland, HI 90147;Gray;Ronald;309 EUB;1968-07-19;9780854079650;Flores, Evans and Landry;Seamless even-keeled neural-net;Teal;71-1760713;99-6192728;6542;69173189;47;3493;212;Inc;88-3374615;09479692
8820 Fields Harbor Wagnerstad, KY 48612;Spencer;Leah;C57 4HH;1951-07-14;9780726020858;Miller PLC;Advanced didactic toolset;LightCoral;46-0731203;02-7735878;5022;12625826;28;4211;108;Inc;64-2729166;76251238
USNV Thornton FPO AP 50548;Williams;Glenn;4ED Y86;1906-06-11;9781284676075;Frank-Gonzales;Business-focused actuating adapter;Brown;54-0554995;64-7593440;5593;95378688;10;5400;168;Inc;30-0179311;27334454
323 Payne Ferry Port James, KY 48265;Lewis;Timothy;HBC 666;1911-12-28;9780930965792;Palmer-Myers;Reduced interactive algorithm;DarkOliveGreen;34-5471250;61-7459331;736;72622872;43;4212;43;Inc;27-8603231;31555968
7506 Tyler Extensions Suite 209 New Heather, MN 17380;Johnson;Tony;XI-3804;2018-10-01;9781826073720;Chavez-Marshall;Enterprise-wide zero tolerance structure;Wheat;10-4705404;50-4284967;4789;88812526;17;7919;161;PLC;74-9904753;07811630
3027 Sosa Divide Suite 790 Smithbury, TX 40474;Walker;Suzanne;037-ILY;1955-02-02;9781721252442;Barker Inc;Triple-buffered encompassing process improvement;Plum;61-5895753;68-1002785;7390;66261179;34;1103;485;and Sons;35-8122574;12525737
056 Rodriguez Knoll Suite 651 Port Robert, DC 55336;Tran;Kimberly;763ZBG;1944-01-22;9780327507079;Martinez, Martinez and Morgan;Switchable clear-thinking methodology;Purple;81-8528722;52-6027425;2749;26338781;7;5938;41;LLC;11-5636354;38032318
5195 White Mountain East Rebekah, TN 90628;Mcbride;Garrett;1KCF 87;1999-09-11;9781218825197;Chavez, Kennedy and Swanson;Persistent context-sensitive capacity;DarkTurquoise;34-9906253;51-4177030;2660;00019958;18;2213;599;Inc;61-2037761;32699241
46226 Megan Orchard East Masonberg, MO 15300;Stephenson;David;437 5580;1964-07-09;9780327232575;Miller, Allison and Smith;Virtual optimal approach;LightCoral;46-7566844;03-8369918;1913;29022670;13;6268;444;Ltd;15-0944435;24131926
7494 Carlson Forks Apt. 306 Haileyfort, RI 22067;Sandoval;Mary;2MQ 039;1984-12-21;9781669281856;Taylor-Gross;Customer-focused modular encryption;LavenderBlush;12-6118992;04-1045691;7120;10741320;49;3583;445;LLC;25-4001096;96536155
0946 Jeremy Plains Suite 669 Stephenstown, AK 77748;Myers;Norman;NUE-892;1927-12-04;9780020066804;Mitchell Inc;Vision-oriented heuristic migration;GoldenRod;93-7534808;16-1259252;3100;02836157;9;4141;148;PLC;81-3482059;56112610
5406 Karen Vista Lake Brandon, NY 50054;Thompson;Elizabeth;RKG 262;1979-02-14;9781819131802;Armstrong LLC;Right-sized multi-tasking hub;Lavender;99-6521379;46-3673343;6499;03428559;1;6524;307;PLC;59-3494867;78542143
962 Brandon Villages Apt. 224 Smithtown, RI 02328;Johnson;Mercedes;UKA5539;1976-07-26;9781571362537;Chavez-Baker;Profound user-facing info-mediaries;FloralWhite;71-3466395;98-0398439;2484;26409504;25;1252;313;LLC;65-5850472;17539210
667 Troy Ports North Josephtown, OH 35907;Reese;Jeremy;ZFZ 415;2002-08-08;9781754172618;White-Walker;Centralized multi-tasking model;LightSeaGreen;31-3977211;92-6950890;5279;73546856;46;2067;99;and Sons;83-0130032;31739511
1063 Garrett Highway Suite 134 New Laurieville, TX 18474;Conley;John;81-41804;1982-07-21;9780317769449;Anderson-Smith;Triple-buffered 6thgeneration firmware;Cyan;66-7278075;71-0289129;1292;75409296;35;9024;587;PLC;54-1415861;07821899
381 Williams Knoll Alexandraview, VA 14899;Freeman;Alicia;ASM-0357;1923-09-02;9780973706116;Harris-Stewart;Visionary encompassing customer loyalty;SeaShell;50-3925841;88-7613943;3961;40957814;17;7634;546;Ltd;85-0442984;09801905
45690 Jordan Roads Apt. 463 Nunezhaven, DC 01807;Mccarty;Sharon;013 DVE;1988-01-11;9781267637109;Brown, Chen and Avila;Extended foreground secured line;Green;42-4828754;92-7485723;2176;11408512;44;4076;526;LLC;36-8656839;06448875
22973 Hancock Key Suite 257 Sandrashire, MN 16783;Hernandez;Mackenzie;KLT 356;1970-02-17;9781341108464;Garcia Ltd;Synergized foreground architecture;Azure;04-0265396;52-9702089;586;07640421;38;8386;254;Inc;20-4881769;00386302
42495 Sullivan Land Suite 851 Warrenbury, GA 37258;Palmer;Jason;75-3189M;1908-07-11;9781842139981;Blackwell-Sheppard;Profound asynchronous application;GhostWhite;61-9685324;57-3292907;5285;81044825;50;1272;490;PLC;36-6387422;29842704
PSC 2963, Box 1608 APO AE 39490;Mcbride;Ryan;KYX 739;1922-07-04;9780925483454;Booker and Sons;User-centric modular framework;DarkGreen;44-9451684;51-8061512;4912;27480779;2;5824;475;PLC;26-2114682;22432964
3380 Patel Junction Port Michael, CT 33253;Luna;Paul;IJV-391;1989-10-04;9781620130674;Christian-Welch;Automated real-time open architecture;LawnGreen;13-0495262;48-0879555;7179;49414837;3;975;381;Group;40-6845381;68786717
72013 Jefferson Locks Vanessafurt, DC 81157;Pena;Randall;7QTD379;1927-03-07;9781558216600;Chapman and Sons;Centralized actuating strategy;LightSalmon;64-1370451;44-2700439;1196;36288120;19;9381;407;and Sons;22-7609170;26066196
933 Aaron Ranch Apt. 622 Stonechester, MO 75727;Davidson;Richard;9-34893;1964-03-30;9781435057883;Strickland Group;Devolved background website;Violet;54-6481911;43-3275418;7507;65048443;33;8369;155;LLC;81-4065339;06460440
88253 James Spur Apt. 539 Stevenland, MO 57091;Tucker;Priscilla;05G H69;1937-01-31;9781838308957;Terry Inc;Robust dynamic neural-net;Violet;27-3749014;95-4811056;1525;77217288;37;8495;585;Ltd;12-2060216;84245182
74088 Rice Mountain Suite 120 Timothyland, KY 80808;Park;Jessica;3T 6O6QUS;1949-02-16;9781612864297;Bennett-Brown;Right-sized national moratorium;NavajoWhite;55-8308570;50-0282161;6529;09209978;15;2242;360;Ltd;85-5701666;47108899
8939 Alexandra Track New Edwin, AZ 52659;Acosta;Logan;8-8139G;1929-02-02;9781330906477;Adams-Smith;Reduced transitional orchestration;Snow;14-8194970;03-6617902;2150;75067465;32;7723;163;LLC;94-1589056;76954719
943 Knapp Junction Suite 553 Davidton, ND 39669;Bryant;Jason;65GJ768;1962-10-05;9780932605757;Weeks-Ramirez;Upgradable clear-thinking monitoring;ForestGreen;76-5603669;65-4381322;1135;70117622;23;7573;104;Inc;30-0170469;86453271
PSC 3557, Box 2130 APO AP 25410;Lewis;Julie;8B991;1981-08-04;9781758473711;Collins, Mccall and Alexander;De-engineered cohesive focus group;LimeGreen;88-2318041;25-4938816;1440;50161119;40;2113;178;Ltd;66-3821218;45897689
8748 Baldwin Shoals Hollandport, TN 26696;Spencer;Sara;086-BSH;1980-03-06;9781641945226;Jones-Garcia;Profit-focused optimizing system engine;NavajoWhite;91-6719684;92-3313196;2441;52976742;7;9499;449;LLC;10-6350851;12842797
99260 Matthew Roads Escobarport, MO 49371;Craig;Cindy;6-7227G;1907-04-28;9780788047916;Alvarez-Navarro;Versatile user-facing workforce;MediumTurquoise;86-6078031;04-4301433;6025;67731152;11;3412;321;Inc;47-1750507;40822389
9877 Jackson Ferry Apt. 283 Matthewhaven, UT 87572;Gonzales;Craig;225 9602;1976-05-11;9780640931315;Phillips-Campbell;Implemented non-volatile emulation;Gold;68-3960602;63-7269791;4297;25378474;22;1512;71;PLC;24-0825388;77634313
495 Brandon Station Suite 130 New Jeremiah, MN 90017;Acosta;Melissa;355 WSU;1953-09-18;9781565067561;Clark, Lyons and Hill;Exclusive uniform policy;PaleGoldenRod;90-6364544;55-9110623;1047;12516216;7;1933;549;PLC;60-0357969;53815903
Unit 5738 Box 2473 DPO AE 04735;Rodriguez;Mary;HQV 469;1908-03-04;9781218890614;Reeves, Sampson and Murray;Assimilated 24hour challenge;Magenta;90-3557581;20-9043857;3319;81710836;31;1250;438;Group;73-6302472;88524979
38717 Young River Jennaville, WA 59479;Branch;Anthony;FSH-4985;1968-01-05;9780497851668;Buck-Maxwell;Extended background frame;FloralWhite;37-8275853;26-6752972;6664;21933899;49;8001;401;LLC;76-3563260;37338497
82044 Figueroa Ways Apt. 360 Port Joel, NV 01008;Bailey;Deanna;FJK-1305;2009-09-20;9781391582214;Obrien Inc;Automated bottom-line hardware;Lime;13-5326942;03-6163838;5185;91943828;18;2890;469;Ltd;25-6051621;50455850
61698 Wilson Centers Apt. 602 New Kevinshire, AZ 21906;Ferguson;Michael;ZXB-8956;2007-04-23;9781443631631;Hansen, Middleton and Jones;Triple-buffered stable productivity;Peru;26-1924341;04-4272894;1542;26155197;9;1187;475;Group;43-6262380;76054372
46826 Lisa Way Holmesfort, IN 93146;Caldwell;Tiffany;9AA 857;1956-04-25;9781532700392;Decker Inc;Integrated bottom-line moderator;AntiqueWhite;81-5196405;74-2268823;5697;60303578;41;1973;566;and Sons;75-5106672;58019177
521 Carter Greens Suite 280 South Abigailtown, ME 08417;Welch;Patricia;DYF 277;1960-01-29;9781673458565;Smith and Sons;Decentralized mission-critical methodology;DimGray;75-5386527;16-7285938;406;98805792;8;5258;578;Ltd;95-9166509;00804042
842 Henry Meadows Apt. 714 Brittanyborough, OR 74403;Mora;Tanya;KYB 5576;1962-06-14;9781595067616;Bryant-White;Open-source incremental frame;Tan;88-4288924;46-9198888;2722;35183358;26;7113;594;Ltd;90-8282201;94827330
0835 Kristin Vista Apt. 957 North Kristinshire, CA 51231;Pierce;Sheena;849FYI;2000-11-06;9780938872306;Sparks, Davis and Lopez;Stand-alone heuristic interface;LightSalmon;86-3946968;52-1613638;3236;56293159;36;1126;279;PLC;65-0456963;85252196
USS Gregory FPO AP 88034;Morgan;Timothy;7UK R07;1931-12-02;9781338689150;Williams Inc;Balanced fresh-thinking matrix;LightSlateGray;94-6586566;94-2553825;2111;39871275;46;5668;494;Group;62-2724025;47013148
10393 Elizabeth Mills Duncanchester, MA 06088;Hunter;Sarah;4AE 128;1917-04-10;9781973677697;Diaz Group;Triple-buffered reciprocal conglomeration;PaleVioletRed;46-9870065;81-8487282;6820;71153452;10;7303;485;PLC;68-1868957;08247377
194 David Walk Apt. 631 New Stephanie, KS 15394;Francis;Cameron;XIU N24;1970-10-27;9780931276149;Zimmerman, Stokes and Garrison;Multi-tiered cohesive algorithm;LightCyan;40-6608719;72-5686476;6419;78288157;17;1363;318;LLC;61-5639246;18010732
Unit 8333 Box 2862 DPO AA 52262;Wilson;Ashley;2Y781;1951-11-30;9781859074978;Floyd and Sons;User-friendly optimizing customer loyalty;LightSteelBlue;53-6557069;14-2567275;7435;50740079;37;5855;294;PLC;60-4271369;04945420
61646 Christine Trace Suite 293 New Nicole, TX 76781;Ortega;James;22X 084;1962-05-10;9781217938492;West, Keller and Hatfield;Fully-configurable 24/7 policy;Salmon;22-6419686;32-8633641;7236;49454635;2;4388;103;PLC;06-8223045;27775141
372 James Drives Suite 144 Jessicabury, AR 55014;Brown;Lisa;3SI 851;1974-04-25;9781890442347;Barnes, Benton and Mcdaniel;Phased dynamic toolset;SeaShell;32-4577386;40-8526842;7906;01902563;40;9484;201;PLC;34-3057418;00427814
9083 Preston Drives Suite 336 New Cassidychester, KY 64582;Allen;Carrie;9HD98;1905-07-02;9780123592729;Chung and Sons;Organic motivating benchmark;LightGoldenRodYellow;37-4858130;67-6633380;3686;67296187;18;3951;37;Inc;63-5373552;61881310
9902 Carr Prairie Suite 294 Hernandezview, LA 94966;Anderson;Joshua;ZVC 943;2017-11-16;9781793261250;Lindsey, Vance and Young;Up-sized multi-state info-mediaries;SeaShell;25-0225943;13-8238147;3758;24449649;43;1263;389;and Sons;54-4387239;13915230
83901 Mark Neck Carlsonton, NV 78870;Brown;John;1IIS 05;1904-05-07;9780391560598;Ward Inc;Switchable didactic knowledge user;Maroon;44-0812625;94-6707768;752;05964086;27;6674;344;Group;90-4138534;52229039
USS Walters FPO AA 37668;Cooke;Sean;638-896;1952-06-28;9781810620237;Shelton, Rojas and Dillon;Exclusive client-driven policy;Gainsboro;20-0922432;06-2717381;5783;33754451;4;2004;409;Ltd;99-9896320;79033565
036 Compton Plaza Wallsberg, DC 93528;Arroyo;Whitney;14CV6;1983-02-12;9780370447179;Rogers Ltd;Universal optimal orchestration;MediumPurple;01-5471434;33-0428777;6248;81230136;44;6722;208;PLC;44-9898928;33029344
8824 Lynn Harbor Parkerview, OH 90715;Cooke;Kristy;GJK 700;1934-11-14;9781159072131;Grimes, Benton and Shields;Exclusive foreground process improvement;Aqua;55-0067770;01-1625425;6644;03548370;35;3106;484;Group;75-4586978;83838576
1506 Bruce Gardens Suite 193 Greentown, OR 36803;Robinson;Christy;G26-ODL;1976-11-02;9781853966491;Fernandez, Harris and Thomas;Advanced even-keeled parallelism;MediumBlue;61-7640077;94-1798660;3256;39702784;20;6162;374;Inc;77-8443094;52503856
185 Megan Brook Apt. 873 North Amanda, SD 36649;Oliver;Paul;10FR821;1924-11-25;9781213672079;Smith, Rowe and Ferguson;Multi-tiered real-time help-desk;Turquoise;10-2754279;58-4805378;4669;96575406;13;2120;104;Ltd;33-8279801;79664844
80119 Daniel Garden Suite 962 Josephview, WY 43728;Calderon;Jesse;7C AG124;1942-01-08;9780950231358;Buchanan-Stewart;Progressive real-time task-force;Ivory;15-4805797;06-4124534;5977;29230747;25;3903;460;and Sons;77-1422637;09256088
6124 Thomas Mountains Suite 929 Lake Tiffanyshire, AL 60794;Spencer;Ryan;IH6 1281;1983-08-09;9781400344796;Gonzalez Group;Versatile hybrid info-mediaries;LightGreen;65-3422370;73-6059706;5666;81404971;33;4043;39;Group;22-5074909;70571639
4172 Veronica Lock Heatherborough, TX 19009;Farley;Shelby;UHX 138;1957-11-22;9780082434696;Jennings and Sons;Down-sized mission-critical array;DarkOrchid;63-9060534;72-7140632;786;43250721;23;8299;517;LLC;38-2578928;31632812
4579 Ross Dam Suite 055 Port Franciscoland, IL 93887;King;Bill;2DYM997;2004-08-02;9780438887350;Black, Rogers and Foley;Compatible static product;Tomato;52-4965148;51-4554368;7055;71641218;7;7690;212;PLC;56-0452200;84246165
8992 Sanders Prairie West Stevenchester, WI 60068;Taylor;Amanda;3-K2477;1904-12-09;9780750943987;Daugherty Group;Diverse exuding architecture;MediumSlateBlue;26-6817443;02-7679969;1566;01465600;48;6595;438;Ltd;93-0132719;23366244
4023 Abigail Junctions Monicachester, ME 90970;Armstrong;Michael;7HQ E95;1907-04-15;9781086074864;Cisneros-Paul;Self-enabling mission-critical Graphic Interface;MediumSlateBlue;48-1266643;39-9546124;3548;99733384;16;4501;292;Ltd;77-7965648;06354183
627 Jones Plaza Justintown, AR 10553;Cobb;Derrick;MOS 825;1948-05-04;9780574525475;Wallace, Sims and Orr;Future-proofed bottom-line matrices;LightSkyBlue;92-1185529;05-1726640;6546;28684411;38;3521;474;Group;42-4784392;81011506
982 Sanders Rapid Apt. 814 Jameschester, CO 06705;Robles;Diana;0-87577;1935-05-30;9781238079037;Miller-Brown;Proactive impactful paradigm;Lavender;88-8825014;27-6194173;3344;16591493;44;6056;234;LLC;62-3652072;00275590
